{
	"info": {
		"_postman_id": "1d9409e8-9fea-4b58-af6a-7392bb4ead5b",
		"name": "REST API Tutorial",
		"schema": "https://schema.getpostman.com/json/collection/v2.1.0/collection.json"
	},
	"item": [
		{
			"name": "Get Sessions",
			"request": {
				"method": "GET",
				"header": [
					{
						"key": "x-refresh",
						"value": "{{refreshToken}}",
						"type": "text"
					}
				],
				"url": {
					"raw": "http://localhost:1337/api/sessions",
					"protocol": "http",
					"host": [
						"localhost"
					],
					"port": "1337",
					"path": [
						"api",
						"sessions"
					]
				}
			},
			"response": []
		},
		{
			"name": "Update Post",
			"request": {
				"method": "PUT",
				"header": [
					{
						"key": "x-refresh",
						"value": "{{refreshToken}}",
						"type": "text"
					}
				],
				"body": {
					"mode": "raw",
					"raw": "{\n    \"title\": \"A post title\",\n    \"body\": \"Some HTML text Some HTML text Some HTML text Some HTML text Some HTML text Some HTML text Some HTML text Some HTML text Some HTML text Some HTML text Some HTML text Some HTML text Some HTML text Some HTML text\"\n}",
					"options": {
						"raw": {
							"language": "json"
						}
					}
				},
				"url": {
					"raw": "http://localhost:1337/api/posts/{{postId}}",
					"protocol": "http",
					"host": [
						"localhost"
					],
					"port": "1337",
					"path": [
						"api",
						"posts",
						"{{postId}}"
					]
				}
			},
			"response": []
		},
		{
			"name": "Delete Post",
			"request": {
				"method": "DELETE",
				"header": [
					{
						"key": "x-refresh",
						"value": "{{refreshToken}}",
						"type": "text"
					}
				],
				"body": {
					"mode": "raw",
					"raw": "{\n    \"title\": \"A post title\",\n    \"body\": \"Some HTML text Some HTML text Some HTML text Some HTML text Some HTML text Some HTML text Some HTML text Some HTML text Some HTML text Some HTML text Some HTML text Some HTML text Some HTML text Some HTML text\"\n}",
					"options": {
						"raw": {
							"language": "json"
						}
					}
				},
				"url": {
					"raw": "http://localhost:1337/api/posts/{{postId}}",
					"protocol": "http",
					"host": [
						"localhost"
					],
					"port": "1337",
					"path": [
						"api",
						"posts",
						"{{postId}}"
					]
				}
			},
			"response": []
		},
		{
			"name": "Create Post",
			"request": {
				"method": "POST",
				"header": [
					{
						"key": "x-refresh",
						"value": "{{refreshToken}}",
						"type": "text"
					}
				],
				"body": {
					"mode": "raw",
					"raw": "{\n    \"title\": \"A post title\",\n    \"body\": \"Some HTML text Some HTML text Some HTML text Some HTML text Some HTML text Some HTML text Some HTML text Some HTML text Some HTML text Some HTML text Some HTML text Some HTML text Some HTML text Some HTML text\"\n}",
					"options": {
						"raw": {
							"language": "json"
						}
					}
				},
				"url": {
					"raw": "http://localhost:1337/api/posts",
					"protocol": "http",
					"host": [
						"localhost"
					],
					"port": "1337",
					"path": [
						"api",
						"posts"
					]
				}
			},
			"response": []
		},
		{
			"name": "Delete Session",
			"request": {
				"method": "DELETE",
				"header": [
					{
						"key": "x-refresh",
						"value": "{{refreshToken}}",
						"type": "text"
					}
				],
				"url": {
					"raw": "http://localhost:1337/api/sessions",
					"protocol": "http",
					"host": [
						"localhost"
					],
					"port": "1337",
					"path": [
						"api",
						"sessions"
					]
				}
			},
			"response": []
		},
		{
			"name": "Create Session",
			"request": {
				"method": "POST",
				"header": [],
				"body": {
					"mode": "raw",
					"raw": "{\n    \"email\": \"{{email}}\",\n    \"password\": \"{{password}}\"\n}",
					"options": {
						"raw": {
							"language": "json"
						}
					}
				},
				"url": {
					"raw": "http://localhost:1337/api/sessions",
					"protocol": "http",
					"host": [
						"localhost"
					],
					"port": "1337",
					"path": [
						"api",
						"sessions"
					]
				}
			},
			"response": []
		},
		{
			"name": "Create User",
			"request": {
				"method": "POST",
				"header": [],
				"body": {
					"mode": "raw",
					"raw": "{\n    \"email\": \"{{email}}\",\n    \"password\": \"{{password}}\",\n    \"passwordConfirmation\": \"{{password}}\",\n    \"name\": \"{{name}}\"\n}",
					"options": {
						"raw": {
							"language": "json"
						}
					}
				},
				"url": {
					"raw": "http://localhost:1337/api/users",
					"protocol": "http",
					"host": [
						"localhost"
					],
					"port": "1337",
					"path": [
						"api",
						"users"
					]
				}
			},
			"response": []
		},
		{
			"name": "Get Post",
			"protocolProfileBehavior": {
				"disableBodyPruning": true
			},
			"request": {
				"method": "GET",
				"header": [
					{
						"key": "x-refresh",
						"value": "{{refreshToken}}",
						"type": "text"
					}
				],
				"body": {
					"mode": "raw",
					"raw": "{\n    \"title\": \"A post title\",\n    \"body\": \"Some HTML text Some HTML text Some HTML text Some HTML text Some HTML text Some HTML text Some HTML text Some HTML text Some HTML text Some HTML text Some HTML text Some HTML text Some HTML text Some HTML text\"\n}",
					"options": {
						"raw": {
							"language": "json"
						}
					}
				},
				"url": {
					"raw": "http://localhost:1337/api/posts/{{postId}}",
					"protocol": "http",
					"host": [
						"localhost"
					],
					"port": "1337",
					"path": [
						"api",
						"posts",
						"{{postId}}"
					]
				}
			},
			"response": []
		}
	],
	"auth": {
		"type": "bearer",
		"bearer": [
			{
				"key": "token",
				"value": "{{accessToken}}",
				"type": "string"
			}
		]
	},
	"event": [
		{
			"listen": "prerequest",
			"script": {
				"type": "text/javascript",
				"exec": [
					""
				]
			}
		},
		{
			"listen": "test",
			"script": {
				"type": "text/javascript",
				"exec": [
					""
				]
			}
		}
	],
	"variable": [
		{
			"key": "email",
			"value": "email"
		}
	]
}